<?xml version="1.0" encoding="UTF-8"?>
<project-private xmlns="http://www.netbeans.org/ns/project-private/1">
    <editor-bookmarks xmlns="http://www.netbeans.org/ns/editor-bookmarks/2" lastBookmarkId="0"/>
    <open-files xmlns="http://www.netbeans.org/ns/projectui-open-files/2">
        <group>
            <file>file:/C:/Users/ASUS/Downloads/Nicolas/Proyecto/Grupo5_3A_ProyectoFP_30012022/web/index.xhtml</file>
            <file>file:/C:/Users/ASUS/Downloads/Nicolas/Proyecto/Grupo5_3A_ProyectoFP_30012022/web/agregar_Paciente.xhtml</file>
            <file>file:/C:/Users/ASUS/Downloads/Nicolas/Proyecto/Grupo5_3A_ProyectoFP_30012022/web/listado_Pacientes.xhtml</file>
        </group>
    </open-files>
</project-private>
